ID,Name,Age,Department,CGPA
1,Scott Tyler,22,Information Technology,2.07
2,Kathryn Snyder,24,Cyber Security,3.89
3,Brian Young,20,Artificial Intelligence,3.68
4,Jessica Anderson,24,Business Administration,2.53
5,Jesse Bennett,24,Information Technology,2.39
6,Jessica Jackson,23,Information Technology,3.61
7,John Thomas,25,Information Technology,2.29
8,Robert Estrada,19,Software Engineering,3.63
9,Meagan Rogers,21,Software Engineering,2.82
10,Maxwell Bailey,21,Business Administration,3.09
11,Lucas Peterson,19,Business Administration,3.57
12,Douglas Harper,23,Cyber Security,3.55
13,Ashley Navarro,22,Data Science,3.65
14,Mrs. Valerie Baker,25,Electrical Engineering,3.24
15,Scott Bass,22,Cyber Security,2.3
16,Jeremy Pena,21,Cyber Security,3.17
17,Diane French,23,Software Engineering,3.17
18,Danielle Coleman,19,Information Technology,3.65
19,Danielle Smith,20,Electrical Engineering,3.05
20,John Alexander,21,Information Technology,2.33
21,Amanda Walker,25,Data Science,3.54
22,Madison Wallace,18,Business Administration,3.81
23,Edgar Brown,21,Information Technology,2.92
24,Ernest Cox,20,Computer Science,3.4
25,Joshua Sharp,19,Computer Science,3.49
26,Jennifer Davidson,21,Data Science,3.9
27,George Graham,23,Business Administration,3.64
28,Rachel Reyes,24,Artificial Intelligence,2.09
29,Rhonda Wood,24,Information Technology,2.84
30,Carl Compton,25,Data Science,3.36
31,Deborah Moran,19,Software Engineering,3.24
32,Ronald Guerrero,25,Computer Science,3.69
33,Jennifer Brown,20,Computer Science,3.65
34,Scott Gonzalez,25,Computer Science,2.74
35,Chase Murphy,18,Business Administration,2.2
36,Michael Little,20,Business Administration,2.79
37,Mandy Smith,24,Business Administration,3.89
38,Olivia Stone,18,Computer Science,2.69
39,Joshua Freeman,23,Software Engineering,3.55
40,Matthew Vasquez,19,Electrical Engineering,3.96
41,Denise Kelly,24,Cyber Security,2.48
42,Sean Robinson,25,Data Science,2.32
43,Robert Campbell,25,Business Administration,3.55
44,Tamara Vega,20,Information Technology,3.8
45,Brooke Kelley MD,22,Artificial Intelligence,2.46
46,Gerald Chang,19,Business Administration,2.41
47,Debra Warren,18,Business Administration,3.54
48,Carol Mitchell,19,Artificial Intelligence,3.33
49,Jose Henry,22,Business Administration,4.0
50,Tina Moreno,20,Information Technology,3.95
51,Jacqueline Stone,22,Information Technology,2.51
52,Philip King,20,Information Technology,2.08
53,Timothy Thompson,25,Business Administration,3.8
54,William Tran,22,Cyber Security,3.93
55,Christopher Mcmahon,23,Information Technology,2.94
56,Kaitlin Allen,21,Information Technology,3.55
57,Richard Bell,21,Cyber Security,2.66
58,Corey Mcpherson,24,Cyber Security,3.71
59,Victoria Cisneros,25,Business Administration,3.45
60,Barbara Graham,23,Data Science,2.7
61,Wayne Wright,22,Information Technology,3.0
62,Kenneth Hooper,19,Computer Science,3.34
63,Melissa Thompson,19,Information Technology,3.63
64,Paul Green,21,Software Engineering,3.06
65,Joy Burton,20,Data Science,3.53
66,Erin Bradley,24,Software Engineering,2.93
67,Kimberly Allen,23,Computer Science,2.55
68,James Richard,18,Computer Science,2.34
69,Sonya Chapman,19,Cyber Security,2.49
70,Theresa Schwartz,19,Electrical Engineering,2.5
71,Heather Thompson,18,Business Administration,2.76
72,Nicole Mathews,19,Data Science,2.78
73,Erik Fuller Jr.,20,Business Administration,3.08
74,Darlene Salas,21,Artificial Intelligence,3.14
75,Jason Riley,20,Cyber Security,3.88
76,John George,21,Cyber Security,3.03
77,William Novak,25,Electrical Engineering,2.65
78,Matthew Steele,22,Cyber Security,3.06
79,Oscar Hardy,21,Business Administration,2.05
80,Terry Estrada,23,Software Engineering,3.83
81,Norman Ramirez,24,Business Administration,2.8
82,Maria Taylor,21,Artificial Intelligence,3.67
83,Carlos Hines,24,Electrical Engineering,2.82
84,Stephen Guerrero,18,Business Administration,3.76
85,Bruce Cross,20,Business Administration,3.37
86,Matthew Crane,25,Business Administration,3.73
87,Victor Fuller,21,Artificial Intelligence,2.35
88,Shawn Mitchell,23,Data Science,2.67
89,Emma Mcneil,19,Artificial Intelligence,3.84
90,Samuel Gomez,19,Data Science,3.99
91,Janice Chan,21,Cyber Security,2.52
92,Kenneth Lam,25,Data Science,3.08
93,Deborah Taylor,23,Software Engineering,2.74
94,Christine Howard,19,Data Science,3.77
95,Tasha Stone,21,Cyber Security,3.15
96,Maria Ellis,23,Software Engineering,3.47
97,Michael Smith,24,Cyber Security,2.98
98,Jennifer Taylor,23,Software Engineering,2.12
99,Sara Phillips DDS,18,Cyber Security,3.19
100,Travis Thomas,20,Computer Science,2.41
101,Kristina Hardy,18,Cyber Security,3.36
102,Maria Barber,21,Artificial Intelligence,3.76
103,William Gomez,19,Electrical Engineering,3.64
104,Corey White,21,Business Administration,2.53
105,John Nichols,19,Data Science,3.21
106,Eric Brooks,18,Software Engineering,2.63
107,Patricia Baker,23,Data Science,3.27
108,Zachary Mcdonald,23,Electrical Engineering,3.43
109,Charles Green,18,Data Science,2.88
110,Francisco Valdez,23,Cyber Security,3.03
111,Emily Marquez,22,Software Engineering,3.87
112,Amber Rodriguez,21,Data Science,3.39
113,Alexandra Berry,24,Cyber Security,3.78
114,Robert Henderson,21,Data Science,3.35
115,Maria Wood,25,Computer Science,3.01
116,Lisa Mitchell,18,Cyber Security,3.93
117,Michael Ross,22,Business Administration,3.22
118,Katie Meyer,22,Data Science,2.02
119,Joseph Wade,18,Software Engineering,3.16
120,Karen Marshall PhD,25,Data Science,3.48
121,Melissa Shaw,19,Cyber Security,2.12
122,Jonathan Walsh,24,Information Technology,3.18
123,Deborah Allen,22,Artificial Intelligence,2.98
124,Thomas Garcia,23,Software Engineering,3.35
125,Elizabeth Nguyen,20,Business Administration,3.26
126,Lisa Baker,25,Computer Science,2.79
127,Kevin Martinez,24,Artificial Intelligence,2.36
128,Dennis Atkins,24,Data Science,2.64
129,Joshua Sherman,18,Data Science,2.63
130,Tiffany Conner,25,Data Science,3.98
131,Shari Thompson,19,Information Technology,3.29
132,Shannon Fox,25,Information Technology,3.94
133,Monica Mitchell,25,Electrical Engineering,3.19
134,Alexandra Miller,21,Software Engineering,2.72
135,David Thomas,21,Information Technology,3.14
136,Sara Schwartz,25,Cyber Security,2.75
137,Amanda Goodwin,22,Software Engineering,2.63
138,Alyssa Johnson,24,Software Engineering,3.91
139,Karen Gibson,18,Business Administration,2.04
140,Billy Riley,21,Business Administration,2.25
141,Victoria Thompson,21,Computer Science,3.56
142,Brad Gibson,23,Cyber Security,2.69
143,Matthew Brady,24,Information Technology,2.57
144,Briana Young,24,Computer Science,2.11
145,Samantha Hopkins,23,Artificial Intelligence,2.12
146,Jason Glass,18,Data Science,2.2
147,Amber Ray,24,Computer Science,2.04
148,Brianna Burgess,20,Information Technology,3.9
149,Alejandro Hendricks,18,Information Technology,3.48
150,Sylvia James,19,Cyber Security,3.55
151,Thomas Harris,23,Artificial Intelligence,2.64
152,Benjamin Dunn,18,Business Administration,2.24
153,Anna Werner,22,Software Engineering,2.85
154,Brandon Young,19,Electrical Engineering,2.45
155,Samantha Cochran,25,Computer Science,3.66
156,Christopher Valdez,20,Artificial Intelligence,3.71
157,Mr. William Coffey,25,Computer Science,2.98
158,Richard Roberts,22,Cyber Security,2.05
159,Kevin Sparks,19,Business Administration,3.91
160,Andrea Snyder,19,Computer Science,3.56
161,Allison Spears,25,Information Technology,2.34
162,Joe Patterson,25,Software Engineering,3.69
163,Kristy Owens,19,Computer Science,2.66
164,Christina Singleton,23,Artificial Intelligence,2.99
165,Shaun Brown,25,Information Technology,2.32
166,Megan Joseph MD,19,Computer Science,2.54
167,Michael Singh,19,Information Technology,2.83
168,Maria Chan,22,Data Science,2.71
169,Joseph Smith,24,Cyber Security,2.92
170,Joshua Anderson,19,Software Engineering,3.75
171,Anne Gonzalez,22,Computer Science,3.42
172,Jennifer Long,25,Data Science,2.84
173,Martha Odom,21,Data Science,2.42
174,Jennifer Stewart,18,Business Administration,2.85
175,Kelsey Michael,18,Cyber Security,3.11
176,Jesse Moss,20,Software Engineering,3.89
177,Derrick Choi,21,Computer Science,2.81
178,Michael Jackson,19,Information Technology,3.82
179,Cassandra Acosta,25,Data Science,2.57
180,Jonathan Lynch,20,Information Technology,3.44
181,Shane Nelson,25,Computer Science,2.3
182,Lisa Sims,19,Artificial Intelligence,3.13
183,Rachael Howard MD,18,Artificial Intelligence,3.25
184,Antonio Robinson,21,Electrical Engineering,3.66
185,Amber Finley,23,Cyber Security,2.32
186,Lisa Coleman,19,Cyber Security,3.43
187,Angela Roach,20,Information Technology,2.36
188,Lisa Fleming,18,Software Engineering,3.33
189,James Garcia,18,Computer Science,3.46
190,Daniel Hogan,25,Business Administration,3.25
191,Antonio Nelson,19,Data Science,3.68
192,Matthew Chandler,19,Data Science,3.86
193,Frank Hammond,19,Software Engineering,3.07
194,Rhonda Campbell,24,Information Technology,3.35
195,Jasmin Hill,25,Artificial Intelligence,3.19
196,Joshua Ruiz,25,Electrical Engineering,3.97
197,Kevin West,20,Electrical Engineering,3.66
198,Lori Estes,25,Electrical Engineering,2.39
199,Seth Jones,22,Electrical Engineering,3.83
200,Mrs. Christina Joyce,25,Computer Science,2.82
201,Shelley Montgomery,19,Electrical Engineering,3.72
202,Pamela Munoz,18,Artificial Intelligence,2.94
203,Dawn Richards,20,Artificial Intelligence,2.6
204,Destiny Williams,24,Electrical Engineering,2.02
205,Louis Wright,24,Software Engineering,2.79
206,Carol Jordan,18,Software Engineering,2.62
207,Michael Ochoa,21,Artificial Intelligence,2.92
208,Martin Nichols,19,Software Engineering,3.37
209,Brandy Cervantes,18,Computer Science,2.63
210,Christine Johns,20,Information Technology,3.51
211,Laurie Bryan,25,Data Science,3.76
212,Melinda Taylor,22,Information Technology,3.38
213,Roger Kaufman,23,Software Engineering,2.85
214,Donald Rice,24,Software Engineering,2.69
215,Richard Jenkins,21,Artificial Intelligence,2.18
216,Lauren Perez,19,Computer Science,2.47
217,Paul Henry,18,Electrical Engineering,2.94
218,Todd Washington,19,Electrical Engineering,3.7
219,Patrick Mitchell,23,Business Administration,2.47
220,Dr. Barbara Arnold DVM,20,Business Administration,2.85
221,Kevin Duncan,25,Business Administration,2.09
222,Maria Henry,24,Software Engineering,3.54
223,Raymond Shaw,18,Cyber Security,2.62
224,Kenneth Davis,18,Software Engineering,3.72
225,Jordan Burns,25,Artificial Intelligence,2.84
226,Bryan Johnson,22,Artificial Intelligence,3.1
227,Veronica Moreno,20,Artificial Intelligence,2.21
228,Michael Johnson,25,Artificial Intelligence,3.4
229,James Peck,23,Cyber Security,3.26
230,Brianna Lopez,21,Electrical Engineering,2.21
231,Nathan Guerrero,21,Electrical Engineering,3.12
232,Kara Reynolds,24,Artificial Intelligence,3.81
233,Ryan Wallace,22,Business Administration,2.81
234,Sean Clark,18,Cyber Security,2.35
235,Scott Duncan,25,Electrical Engineering,3.65
236,Andrew Wilson,19,Computer Science,3.28
237,Kenneth Brown,20,Information Technology,3.34
238,Raymond Cobb,18,Electrical Engineering,3.19
239,Michael Lowe,25,Information Technology,3.87
240,Joseph Reyes,19,Artificial Intelligence,2.35
241,Samuel Lucas,22,Cyber Security,2.67
242,David Knight,18,Computer Science,2.82
243,Nicholas Graham,24,Cyber Security,2.82
244,Sydney Carlson,20,Artificial Intelligence,3.9
245,Leah Sanford,23,Electrical Engineering,2.79
246,Eric Suarez,19,Software Engineering,3.82
247,Michael Lopez,23,Cyber Security,3.79
248,Allen Holder,22,Cyber Security,3.01
249,Steven Wright,18,Information Technology,3.43
250,Michelle Jones MD,24,Software Engineering,3.95
251,Sherri Peterson,18,Electrical Engineering,3.04
252,Colton Ferguson,19,Business Administration,2.92
253,Justin Griffin,24,Business Administration,3.58
254,Connie Berg,24,Business Administration,2.98
255,Ashley Powers,22,Information Technology,3.0
256,Samuel Atkinson,21,Artificial Intelligence,3.05
257,Kimberly Jones,20,Electrical Engineering,3.54
258,Jack Mcintosh,21,Electrical Engineering,2.51
259,Kenneth Moore,18,Computer Science,2.83
260,Ryan Griffin,21,Business Administration,3.76
261,Joel Andrews,19,Cyber Security,3.26
262,Ricky Martinez,24,Information Technology,2.5
263,Debbie Snow,23,Business Administration,2.99
264,Jacob Herrera,19,Information Technology,3.01
265,Wanda Hill,19,Cyber Security,2.66
266,Mr. Eric Owens DDS,21,Business Administration,2.5
267,Michael Dyer,20,Electrical Engineering,3.47
268,Nicholas Johnson,21,Computer Science,3.95
269,Kathleen Thomas,23,Electrical Engineering,3.77
270,Tommy Lamb,22,Software Engineering,3.69
271,Joshua Joyce,18,Computer Science,2.11
272,Jeremy Owen Jr.,22,Cyber Security,2.94
273,Tracy Jackson,21,Cyber Security,3.04
274,Nicholas Hodges,18,Artificial Intelligence,3.14
275,David Montgomery,23,Software Engineering,2.27
276,Denise Grant,23,Artificial Intelligence,3.78
277,Alexis Ball,23,Data Science,2.95
278,Duane Avila,20,Business Administration,3.08
279,Kaitlyn Wolf,21,Artificial Intelligence,3.41
280,Amber Shaw MD,22,Electrical Engineering,3.11
281,Matthew Kline,21,Cyber Security,3.03
282,Joe Turner,19,Information Technology,2.59
283,Philip Hamilton,23,Software Engineering,2.97
284,Jane Morales,21,Computer Science,2.64
285,Katelyn Kramer,20,Computer Science,2.42
286,Paul Johnson,22,Computer Science,2.22
287,Charles Schwartz,24,Cyber Security,2.61
288,Sharon Weber,20,Data Science,2.85
289,David Schwartz,19,Data Science,3.67
290,Stephen Weaver,23,Artificial Intelligence,2.77
291,Stephanie Love,19,Information Technology,2.98
292,James Vargas,20,Information Technology,2.55
293,Kimberly Williams,18,Information Technology,2.63
294,Christopher Walker,18,Data Science,3.05
295,Abigail York,19,Cyber Security,3.1
296,Patricia Marshall,19,Cyber Security,3.69
297,Maria Nelson,23,Information Technology,2.29
298,Angel Henson,25,Cyber Security,2.45
299,Chad Powers,23,Software Engineering,2.44
300,Terry Miller,23,Business Administration,2.24
301,Emily Oneill,18,Software Engineering,3.25
302,Jessica Cross,24,Business Administration,3.12
303,Emily Thompson DVM,24,Business Administration,2.94
304,Vanessa Jones,25,Software Engineering,2.3
305,Amy Morrison,21,Data Science,3.42
306,Megan Richards,24,Computer Science,2.58
307,Angela Hardy,23,Data Science,3.9
308,Paula Christensen,19,Cyber Security,3.95
309,Lisa White,18,Information Technology,2.58
310,William Smith,22,Business Administration,3.55
311,Tyler Ruiz,22,Cyber Security,2.19
312,Christian Smith,25,Information Technology,3.27
313,Travis Patel,25,Data Science,3.41
314,James Villanueva,25,Computer Science,2.46
315,Sheila Barnes,21,Software Engineering,3.68
316,James Scott,21,Cyber Security,3.49
317,Christopher Gibson,22,Artificial Intelligence,2.55
318,Matthew Pierce,19,Electrical Engineering,3.9
319,William Fritz,20,Artificial Intelligence,2.26
320,Michelle Buckley,24,Artificial Intelligence,2.83
321,Samuel Cardenas,22,Electrical Engineering,2.62
322,Brandon Wheeler,23,Information Technology,3.06
323,Leslie Jarvis MD,20,Cyber Security,3.32
324,Rachel Rogers,22,Cyber Security,2.8
325,Tara Bush,19,Information Technology,3.57
326,Karen Carey,18,Data Science,3.42
327,Mrs. Stephanie Reyes PhD,21,Business Administration,3.14
328,Tammy Shepherd,24,Computer Science,3.48
329,Brian Smith,23,Business Administration,2.09
330,Mary Cox,22,Data Science,2.17
331,Edward Price,24,Computer Science,2.88
332,John Jones,25,Artificial Intelligence,2.01
333,Andrew Navarro,21,Cyber Security,2.53
334,Trevor Martinez,18,Cyber Security,3.96
335,Kristen Valdez,22,Business Administration,2.87
336,Rachel Padilla,20,Software Engineering,2.37
337,Samantha Beard,21,Software Engineering,3.99
338,Alejandro Garcia,22,Software Engineering,3.73
339,Michael Barnes,23,Information Technology,2.86
340,Justin Howell,23,Information Technology,2.65
341,Tami Oneal,20,Computer Science,2.37
342,David Freeman,20,Data Science,2.0
343,David Gaines,19,Electrical Engineering,3.24
344,Collin Trujillo,25,Data Science,3.48
345,Christopher Mendoza,23,Artificial Intelligence,2.85
346,Terri Rhodes,21,Electrical Engineering,3.63
347,Scott Parks,23,Computer Science,3.2
348,Lori Dodson,24,Software Engineering,3.52
349,James Santiago,24,Electrical Engineering,3.61
350,Dennis Edwards,22,Computer Science,2.84
351,Shelby Morrison,18,Information Technology,2.49
352,Kevin Elliott,25,Software Engineering,3.21
353,Melissa Jones,22,Cyber Security,2.07
354,Michele Stevens,20,Information Technology,3.25
355,Laura Dunn,20,Information Technology,3.18
356,Ashley Marquez,23,Electrical Engineering,2.98
357,Cynthia Swanson,25,Computer Science,3.67
358,Cheyenne Lopez,20,Business Administration,3.85
359,Eddie Russell,25,Electrical Engineering,2.28
360,Denise Thomas,25,Data Science,2.54
361,Joseph Brown,23,Data Science,2.88
362,Emily Ford,19,Data Science,3.93
363,Janice Mitchell,24,Information Technology,3.43
364,Brandon Owens,25,Cyber Security,2.29
365,Jonathan Rogers,20,Artificial Intelligence,3.74
366,Oscar Stone,25,Software Engineering,2.66
367,Victoria Adams,22,Business Administration,2.67
368,Joseph Anderson,23,Software Engineering,2.8
369,Elizabeth Jenkins,19,Computer Science,3.9
370,Karen Baird,25,Computer Science,3.75
371,William Briggs,18,Artificial Intelligence,3.74
372,Gina Turner,21,Computer Science,2.13
373,Sarah Johnson,25,Cyber Security,2.45
374,Dylan Snyder,25,Information Technology,3.69
375,Stacey Robinson,19,Computer Science,2.83
376,Linda Dunn,18,Cyber Security,3.74
377,Jacob Gray,18,Data Science,2.02
378,David Vang,24,Computer Science,3.41
379,Courtney Perry,19,Software Engineering,2.4
380,Sara Salas,20,Artificial Intelligence,3.06
381,Jesse Arnold,20,Electrical Engineering,2.31
382,Christina Camacho,18,Computer Science,3.05
383,John Perry,19,Computer Science,2.7
384,Todd Clark,23,Information Technology,3.34
385,Douglas Harding,21,Business Administration,3.17
386,Sandra Wright,21,Data Science,2.05
387,Jordan Smith,20,Data Science,2.02
388,Deborah Taylor,24,Software Engineering,2.97
389,Lindsay Ramirez,24,Electrical Engineering,2.71
390,Robin Figueroa,24,Computer Science,3.73
391,David Ellis,20,Information Technology,3.26
392,Lisa Landry,22,Business Administration,2.58
393,Jacqueline Ray,20,Artificial Intelligence,3.63
394,Laura Collins,22,Electrical Engineering,3.39
395,Yvonne Lang,18,Data Science,3.9
396,Lisa Rivera,20,Business Administration,2.25
397,Andrew Sherman,22,Cyber Security,2.11
398,Theresa Smith,22,Artificial Intelligence,2.54
399,Ian Warren,19,Software Engineering,2.31
400,Angela West,23,Artificial Intelligence,2.35
401,Carly Black,23,Artificial Intelligence,2.54
402,Stephanie Ingram,23,Data Science,2.73
403,Tammy Malone,24,Information Technology,2.83
404,Amanda Schroeder,22,Artificial Intelligence,2.05
405,Johnny Martin,21,Information Technology,3.17
406,William Brown,20,Computer Science,2.12
407,Amy Mitchell,24,Computer Science,3.9
408,Megan Freeman,22,Data Science,2.26
409,Ronald Harrison,22,Cyber Security,2.8
410,Thomas King,21,Data Science,2.62
411,Robert Lester,25,Information Technology,2.16
412,Sarah Dawson,20,Business Administration,3.78
413,Juan Herrera,18,Business Administration,2.05
414,Cassandra Nielsen,22,Information Technology,2.56
415,Cody Gray MD,24,Information Technology,2.52
416,Edward Patterson,25,Information Technology,2.64
417,Dana Gray,18,Computer Science,3.24
418,Riley Moses,24,Data Science,3.14
419,Lisa Russo,20,Data Science,3.14
420,Christopher Bishop,25,Data Science,2.93
421,Courtney Scott,24,Computer Science,2.72
422,Mary Jackson,18,Software Engineering,3.79
423,Mr. Christopher Shepard,20,Computer Science,2.17
424,Hailey Cox,21,Computer Science,2.35
425,Jonathan Garcia,24,Software Engineering,3.92
426,Christine Buck,21,Software Engineering,4.0
427,Isaac Reed,21,Information Technology,2.58
428,Riley Jennings,22,Cyber Security,3.77
429,Daniel Cline,24,Business Administration,3.63
430,Jasmine Chase,25,Software Engineering,2.39
431,Ashley Rodriguez,18,Data Science,3.64
432,Dylan Lee,25,Artificial Intelligence,3.38
433,David Tucker,21,Artificial Intelligence,2.08
434,Kristen Henderson,22,Electrical Engineering,2.12
435,Susan Moore,24,Electrical Engineering,2.26
436,Kenneth Gonzalez,19,Computer Science,2.41
437,Loretta Thompson,19,Computer Science,2.03
438,Rachel Smith,20,Electrical Engineering,3.98
439,Tristan Sanders,22,Cyber Security,3.58
440,Catherine Mason,25,Computer Science,2.83
441,Jason Morales,19,Computer Science,2.58
442,Christopher Phillips,24,Business Administration,2.18
443,Natalie French,25,Electrical Engineering,3.57
444,Robin Jackson,18,Software Engineering,3.67
445,Thomas Parker,22,Artificial Intelligence,3.07
446,Shannon Todd,18,Business Administration,3.61
447,Janet Peterson,18,Electrical Engineering,3.93
448,Patrick Wright,22,Software Engineering,2.75
449,Joshua Crane,21,Computer Science,3.79
450,Lisa Cox,18,Information Technology,2.57
451,Sierra Garcia,18,Cyber Security,3.79
452,Tanya Todd,18,Computer Science,3.36
453,Melissa Ross,20,Information Technology,3.78
454,Cassandra Watson,18,Cyber Security,2.49
455,James Myers,18,Artificial Intelligence,2.44
456,Kristen Johnson,22,Artificial Intelligence,2.6
457,Hannah Snyder,19,Information Technology,2.59
458,Nicholas Brown,19,Business Administration,3.33
459,Miguel Cunningham,25,Data Science,2.2
460,Christopher Mccormick,23,Computer Science,2.74
461,Sheila Galloway,18,Cyber Security,2.78
462,Dean Bender,23,Information Technology,2.83
463,Robert Esparza,19,Computer Science,2.93
464,Lauren Becker,23,Computer Science,2.31
465,Amy Mora,21,Business Administration,2.97
466,Anne Aguilar,22,Computer Science,3.55
467,Michelle Morris,19,Software Engineering,2.67
468,Gregory Robinson,22,Artificial Intelligence,3.82
469,William Gallagher,20,Computer Science,3.13
470,Harold Harper,25,Electrical Engineering,3.54
471,Troy Walker,25,Data Science,2.11
472,Christopher Morris,19,Data Science,3.64
473,Samantha Morris,24,Computer Science,3.77
474,Susan Smith,20,Data Science,2.53
475,Julie Horton MD,24,Electrical Engineering,2.39
476,Jeanette Brown,20,Information Technology,2.63
477,Michael Day,22,Business Administration,2.26
478,Gina Chandler,23,Artificial Intelligence,3.39
479,Stacy Jackson,21,Information Technology,3.19
480,Anna Best,23,Business Administration,3.27
481,Tony Strickland,23,Electrical Engineering,3.12
482,Christine Rodriguez,21,Data Science,2.94
483,Mark Hughes,19,Computer Science,2.31
484,Jo Rodriguez,18,Artificial Intelligence,3.68
485,Samuel Harris,20,Computer Science,3.74
486,Julian Avery,24,Cyber Security,3.22
487,William Young,23,Cyber Security,3.5
488,Catherine Castillo,19,Cyber Security,3.49
489,Christina Flores,23,Artificial Intelligence,3.26
490,Anthony Peters DDS,22,Electrical Engineering,3.3
491,Donna Adams,25,Artificial Intelligence,2.97
492,Robert Lee,22,Computer Science,2.18
493,Jackson Conrad,24,Computer Science,2.21
494,Peter Guerrero,23,Information Technology,3.99
495,Shannon Hill,21,Electrical Engineering,3.61
496,Samuel Jensen,22,Computer Science,2.09
497,Carol Stevenson,25,Computer Science,2.81
498,Christopher Santana,24,Data Science,3.31
499,Joe Lawson,19,Business Administration,2.34
500,Leonard Ford,25,Data Science,3.66
501,James Butler,21,Cyber Security,3.15
502,Gabriel Kelly,21,Software Engineering,2.73
503,Jordan Davidson,22,Software Engineering,2.55
504,Jason Buck,21,Artificial Intelligence,2.31
505,Lydia Cooper,19,Cyber Security,3.93
506,Mr. James Santos,20,Electrical Engineering,2.95
507,Brett Gonzalez,23,Computer Science,2.32
508,Pamela Schmidt,25,Software Engineering,3.94
509,Ashley Woodard,23,Data Science,3.39
510,Stephanie Blackwell,18,Software Engineering,2.89
511,Debra Smith,21,Business Administration,3.04
512,John Richards,23,Information Technology,2.15
513,Kelly Frey,19,Computer Science,3.75
514,Jason Holland,25,Computer Science,2.83
515,Garrett Murphy,23,Software Engineering,3.91
516,Michael Odom,19,Computer Science,3.39
517,Justin Rodriguez,18,Business Administration,3.06
518,Timothy Leonard,22,Information Technology,3.88
519,Jared Wagner,22,Cyber Security,2.94
520,Karla Stewart,21,Artificial Intelligence,2.74
521,Eric Carroll,18,Data Science,2.72
522,Heather Lucas,18,Business Administration,2.36
523,Emily Hunt,18,Artificial Intelligence,2.56
524,Steven Carlson,20,Software Engineering,2.38
525,Aaron Mitchell,20,Data Science,2.93
526,Denise Jackson,25,Software Engineering,3.87
527,Cynthia Chan,18,Software Engineering,2.37
528,Eric Ritter,20,Data Science,2.19
529,Phillip Adkins DDS,18,Electrical Engineering,2.54
530,Jesse Brown,19,Artificial Intelligence,2.21
531,Blake Stafford,20,Electrical Engineering,3.93
532,Melissa Dominguez,19,Business Administration,2.4
533,Kimberly Compton,23,Artificial Intelligence,2.18
534,Jason Richards,23,Artificial Intelligence,3.39
535,Samantha Payne,22,Electrical Engineering,3.46
536,Angela Davis,21,Electrical Engineering,2.82
537,Kayla Ruiz,18,Information Technology,3.04
538,Ryan Arnold,23,Business Administration,2.04
539,Hunter Harrison,23,Cyber Security,3.46
540,Martin Ballard,20,Business Administration,3.44
541,Victor Gamble,18,Information Technology,2.79
542,Rachel Miller,21,Cyber Security,2.07
543,Ronnie White,20,Cyber Security,3.74
544,Mrs. Marisa Flynn,18,Cyber Security,2.37
545,Michael Townsend,20,Artificial Intelligence,2.14
546,Kevin Cunningham,23,Data Science,3.24
547,Aaron Craig,23,Cyber Security,2.55
548,Kelly Evans,25,Information Technology,2.97
549,Jennifer Espinoza,19,Cyber Security,3.07
550,Becky Reyes,25,Computer Science,3.82
551,Nicole Maddox,22,Information Technology,2.38
552,Matthew Sutton,21,Artificial Intelligence,3.82
553,Heather Rosario,21,Software Engineering,2.55
554,Keith Parker,19,Software Engineering,2.41
555,Kyle Davis,21,Software Engineering,2.93
556,Melissa Cain,20,Information Technology,2.42
557,Jackie Hall,22,Artificial Intelligence,3.04
558,Derek Callahan,19,Artificial Intelligence,3.47
559,Lisa Williams,25,Cyber Security,2.99
560,Kurt Andrews,20,Software Engineering,3.63
561,Chris Soto,19,Data Science,3.44
562,Maria Chase,24,Data Science,2.63
563,Michelle Thomas,19,Cyber Security,2.55
564,Susan Young,18,Data Science,2.46
565,Michael Stevens,20,Information Technology,2.81
566,Phillip Anthony,20,Electrical Engineering,3.87
567,Angela Gibson,21,Business Administration,3.91
568,Joshua Morgan,22,Electrical Engineering,2.26
569,Steven Diaz,20,Business Administration,3.14
570,Alyssa Spencer,19,Computer Science,2.37
571,Rickey Pierce,22,Information Technology,2.42
572,Christopher Smith,24,Business Administration,3.37
573,Allen Ortiz,23,Business Administration,3.82
574,Eric Brown,20,Data Science,2.81
575,David Curtis,21,Information Technology,2.56
576,Gina Lloyd,25,Software Engineering,2.57
577,Sheri Garcia DDS,23,Computer Science,2.57
578,Brett Ingram,23,Electrical Engineering,2.37
579,Kayla Hartman,23,Software Engineering,2.62
580,Steven Wiley,18,Cyber Security,2.43
581,Julia Richardson,18,Data Science,3.93
582,April Smith,18,Software Engineering,2.4
583,Amanda Molina,22,Data Science,2.38
584,Ivan Brown,23,Information Technology,2.08
585,Tammy Rodriguez MD,21,Information Technology,2.79
586,Kathryn Sharp,19,Computer Science,3.35
587,Justin Evans,19,Cyber Security,2.2
588,Michael Warner,19,Computer Science,2.77
589,Madison Guzman,19,Business Administration,2.08
590,Adam Holland,18,Artificial Intelligence,3.21
591,Katherine Miller,25,Computer Science,2.1
592,Manuel Scott,22,Information Technology,2.73
593,Jessica Miller,23,Cyber Security,3.04
594,Hunter Houston,25,Information Technology,3.08
595,Jodi Kim,20,Business Administration,2.4
596,Rebekah Roberts,25,Artificial Intelligence,2.49
597,Robert Gallagher,21,Computer Science,2.63
598,Janet Edwards,19,Business Administration,3.63
599,Kathleen May,22,Business Administration,2.13
600,David Clark,24,Artificial Intelligence,3.25
601,Grant Miller,24,Data Science,2.2
602,Diana Valdez,20,Business Administration,3.0
603,Judy Morales,21,Data Science,3.71
604,Marc Hammond,22,Data Science,3.04
605,Teresa Greer,22,Cyber Security,2.98
606,Raven Davidson,23,Artificial Intelligence,3.97
607,Jessica Ramos,21,Cyber Security,2.95
608,Morgan Robinson,24,Data Science,2.2
609,John Myers,19,Software Engineering,3.88
610,Phillip Guzman,19,Electrical Engineering,2.47
611,James Barrett,21,Electrical Engineering,2.55
612,Maurice Bradley,25,Electrical Engineering,2.91
613,Maria Sanchez,22,Data Science,2.61
614,Daniel Harding,20,Data Science,3.14
615,Amanda Goodman,22,Information Technology,2.81
616,Derek Clark,25,Computer Science,2.97
617,Barry West,21,Artificial Intelligence,3.08
618,Mary Curtis,25,Business Administration,3.44
619,Marcus Patrick,25,Artificial Intelligence,2.67
620,Paul Watkins,21,Business Administration,2.38
621,Joseph Andrews,22,Cyber Security,2.09
622,Matthew Roberts,24,Electrical Engineering,2.44
623,Tiffany Delgado,20,Artificial Intelligence,2.1
624,Dean Stevens,18,Business Administration,3.14
625,Shane Alvarez,19,Data Science,2.83
626,Matthew Browning,23,Information Technology,2.19
627,Laura Larson,23,Information Technology,3.77
628,Ralph Hill,19,Business Administration,2.45
629,Andrew Stewart,22,Business Administration,3.42
630,Kevin Gibbs,19,Computer Science,3.85
631,Brittany Burke,22,Software Engineering,3.32
632,Patricia Huynh,18,Data Science,3.75
633,James Norman,25,Artificial Intelligence,3.27
634,Misty Reed,20,Data Science,3.45
635,Jordan Rivera,22,Software Engineering,2.61
636,Ruben Buckley,23,Computer Science,3.18
637,William Bennett,19,Data Science,2.17
638,Wanda Hardin,23,Business Administration,3.87
639,Adam Johnston,22,Information Technology,2.85
640,James Mathis,24,Computer Science,3.4
641,Stephen Todd,18,Artificial Intelligence,3.5
642,Richard Ho,24,Electrical Engineering,2.79
643,Hayley Lee,19,Artificial Intelligence,3.01
644,Julia Kelley,21,Cyber Security,2.61
645,Mark Jones,22,Business Administration,2.33
646,Christopher Davidson,20,Computer Science,3.58
647,James Hartman,20,Computer Science,3.31
648,Christopher Bishop,22,Business Administration,2.24
649,Darrell Marks,23,Electrical Engineering,2.21
650,Brandon Shepherd,23,Business Administration,2.3
651,John Weiss,22,Information Technology,2.67
652,Briana Santiago,24,Electrical Engineering,3.9
653,David Winters,19,Computer Science,3.53
654,Joseph Shah,19,Information Technology,2.59
655,Isaiah Esparza,19,Data Science,2.74
656,Daniel Mcdowell,20,Software Engineering,2.64
657,Anthony Lawrence MD,18,Business Administration,2.34
658,Chad Davis,23,Artificial Intelligence,3.03
659,Daniel Smith,18,Business Administration,2.65
660,Kelly Hensley,23,Information Technology,3.01
661,Rebecca Parks,18,Electrical Engineering,2.97
662,Gary Robinson,20,Computer Science,3.46
663,Melanie Ward,23,Electrical Engineering,2.31
664,Manuel Nunez,18,Artificial Intelligence,3.81
665,Jason Norton,19,Artificial Intelligence,3.52
666,Ronald Reid,25,Data Science,3.74
667,Anthony Ferguson,25,Computer Science,3.29
668,Alan Yu,24,Electrical Engineering,3.77
669,Emily Fowler,20,Software Engineering,2.65
670,Elizabeth Brown,23,Electrical Engineering,2.09
671,James Nichols II,20,Electrical Engineering,2.28
672,Charles Bryant,20,Business Administration,3.05
673,Chelsea Ramirez,19,Software Engineering,3.02
674,Brenda Marquez,20,Artificial Intelligence,2.36
675,Catherine May,22,Data Science,2.31
676,Andrea Moore,21,Cyber Security,3.3
677,Melissa Singh,22,Information Technology,3.14
678,Mr. Aaron Jackson MD,22,Artificial Intelligence,2.99
679,Laura Fuller,18,Computer Science,2.8
680,Nicole White,20,Information Technology,3.77
681,Matthew Allen,25,Business Administration,2.42
682,Jason Wong,18,Software Engineering,2.93
683,Carol Heath,24,Computer Science,3.87
684,Michael Mitchell,20,Business Administration,3.73
685,Bailey Lee,21,Data Science,2.44
686,Adriana Cox,22,Information Technology,3.15
687,Sheila Barber,21,Artificial Intelligence,2.27
688,John Jordan,21,Cyber Security,3.19
689,Elizabeth Fletcher,18,Data Science,2.76
690,Kevin Maldonado,23,Electrical Engineering,2.42
691,Kelly Koch MD,21,Cyber Security,2.36
692,Janice Lewis,18,Data Science,3.75
693,Cory Mendoza,25,Cyber Security,2.47
694,Steven Caldwell,25,Business Administration,2.33
695,Dr. Joshua Anderson,18,Information Technology,3.93
696,Michele Mcgee,25,Computer Science,2.32
697,Nancy Mueller,22,Data Science,3.6
698,Jesse Hill,20,Business Administration,2.59
699,Stacey Skinner,21,Information Technology,3.22
700,Steven Thomas,23,Cyber Security,2.17
701,Jennifer Lindsey,24,Software Engineering,3.78
702,Caleb Shaffer,22,Business Administration,3.3
703,Amanda Tran,20,Electrical Engineering,3.35
704,Molly Phelps,23,Business Administration,2.52
705,Erica Jimenez,20,Information Technology,2.5
706,Katie Smith,22,Electrical Engineering,2.71
707,Riley Holmes,21,Information Technology,3.31
708,Debra Goodman,25,Information Technology,2.21
709,Rita Elliott,25,Data Science,3.21
710,Julie Gallegos,21,Information Technology,3.61
711,William Williams,19,Electrical Engineering,2.42
712,Elizabeth Rodriguez,24,Data Science,3.94
713,Alexander Burton,22,Artificial Intelligence,2.43
714,Zachary Cruz,23,Electrical Engineering,3.05
715,Nicholas Brown,25,Software Engineering,3.93
716,Jennifer Allen,24,Cyber Security,2.49
717,Shane Campbell,21,Data Science,2.18
718,Robin Clark,21,Cyber Security,2.28
719,Chad Howard,22,Information Technology,2.56
720,Jennifer Harris,23,Information Technology,3.62
721,Austin Barton,24,Cyber Security,2.06
722,Lindsey Townsend,20,Data Science,2.49
723,Claudia Robinson,25,Artificial Intelligence,3.99
724,Rachel Cruz,21,Business Administration,2.01
725,Dana Harris,18,Computer Science,3.01
726,David Moore,23,Information Technology,2.15
727,William Buchanan,19,Software Engineering,2.63
728,Sara Wright,22,Computer Science,2.44
729,Anne Schneider,24,Information Technology,2.62
730,Calvin Reyes,20,Data Science,2.03
731,Brandy Hobbs,25,Data Science,3.66
732,Kevin Vargas,20,Software Engineering,3.61
733,Michael Jackson,25,Data Science,2.09
734,Arthur Perry,19,Software Engineering,3.24
735,Douglas Foster,25,Cyber Security,2.47
736,Julie Bowers,19,Artificial Intelligence,2.34
737,James Richards,25,Cyber Security,3.23
738,David Moss,21,Business Administration,2.11
739,Sean Gordon,19,Cyber Security,2.4
740,Samantha Wells,24,Business Administration,3.32
741,Ashley Daniels,22,Data Science,2.21
742,Ronnie Roberts,20,Software Engineering,3.13
743,Stephen Ward,23,Cyber Security,2.78
744,Chris Lopez,21,Software Engineering,2.96
745,Linda Watson,25,Business Administration,3.8
746,Robert Browning,25,Electrical Engineering,3.63
747,Stephen Colon,24,Electrical Engineering,3.19
748,John Martinez,24,Electrical Engineering,3.14
749,Betty Avery,24,Software Engineering,2.22
750,Ashley Rodriguez,23,Artificial Intelligence,2.61
751,William Walter,24,Artificial Intelligence,3.05
752,John Nelson,24,Electrical Engineering,2.15
753,Cody Alexander,20,Computer Science,3.49
754,Kyle Harris,25,Computer Science,2.14
755,Heidi Farmer,18,Information Technology,3.96
756,Joshua Thompson,18,Cyber Security,2.48
757,Samantha Lewis,21,Business Administration,3.65
758,Brittany Leblanc,18,Data Science,3.69
759,Sheila Stewart,23,Information Technology,2.07
760,Sierra Conrad,22,Software Engineering,3.02
761,Kevin Dougherty,23,Business Administration,2.37
762,Daniel Harris,25,Data Science,2.53
763,Shawn Carrillo,25,Information Technology,2.86
764,Mandy Cook,18,Data Science,2.11
765,Samuel Williams,24,Artificial Intelligence,2.71
766,Kim Ramos,18,Artificial Intelligence,3.65
767,Mrs. Michelle Green,25,Software Engineering,3.19
768,Hector Hall,19,Electrical Engineering,2.92
769,Karen Davis,18,Information Technology,2.34
770,Angela Davenport,22,Artificial Intelligence,3.05
771,Jordan Smith,20,Information Technology,3.85
772,John Lee,22,Data Science,3.02
773,Jeremy Murphy,24,Electrical Engineering,3.32
774,Christina Mills,23,Computer Science,2.67
775,Mario Phillips,19,Software Engineering,2.91
776,Angela Mcdonald DVM,25,Software Engineering,2.1
777,Grace Martinez,23,Information Technology,2.77
778,Tammy Avery,24,Information Technology,3.42
779,Katherine Mcdonald,24,Cyber Security,3.34
780,Haley Carson,24,Computer Science,2.92
781,Bobby King,24,Artificial Intelligence,3.27
782,Jimmy Fry,25,Computer Science,2.15
783,John Alvarez,25,Artificial Intelligence,2.71
784,Shannon Hernandez,18,Software Engineering,3.92
785,Dr. Judith Ballard,19,Computer Science,3.27
786,Jonathan Butler,24,Information Technology,2.33
787,Gerald Sutton,19,Cyber Security,2.26
788,Kayla Lewis,20,Information Technology,3.96
789,Christopher Rush,24,Business Administration,2.43
790,Joseph Lucas,25,Artificial Intelligence,2.63
791,Patrick Lopez,19,Computer Science,2.89
792,Jared Newton,23,Artificial Intelligence,2.32
793,Miranda Ingram,19,Cyber Security,3.01
794,Travis Patrick,20,Computer Science,3.64
795,Miss Kathleen Brown,24,Information Technology,2.6
796,William Hunt,18,Business Administration,3.76
797,Robert Woodard,23,Artificial Intelligence,3.71
798,Joel Griffin,24,Data Science,2.65
799,Holly Wolfe,20,Electrical Engineering,3.83
800,James Williams IV,18,Software Engineering,3.54
801,Haley Jones,19,Electrical Engineering,3.8
802,James Richardson,18,Artificial Intelligence,2.56
803,Linda Wagner,20,Data Science,3.48
804,Jacqueline Blackburn,19,Business Administration,2.56
805,Gregory Johnson,18,Information Technology,2.02
806,Dennis Walton,21,Business Administration,3.48
807,Evan Morales,20,Artificial Intelligence,2.77
808,Karen Mclean,19,Electrical Engineering,3.15
809,Heather Palmer,21,Artificial Intelligence,2.96
810,Robert Johnson,22,Software Engineering,3.68
811,Christina Porter,23,Computer Science,2.18
812,Ryan Khan,22,Computer Science,3.5
813,Mary Johnson,18,Computer Science,2.74
814,Justin Gonzalez,18,Software Engineering,2.5
815,Anthony Wallace,23,Electrical Engineering,3.63
816,Lisa White,22,Data Science,3.53
817,William Werner,20,Electrical Engineering,3.52
818,Gregory Rivera,20,Information Technology,3.33
819,Catherine Anderson,24,Data Science,2.2
820,Cindy Lynch,20,Data Science,2.4
821,Kristen Davis,18,Data Science,2.18
822,Brian Martinez,24,Business Administration,2.66
823,Felicia Scott,21,Information Technology,3.29
824,Karina Rocha,20,Artificial Intelligence,2.37
825,Cindy Thomas,23,Information Technology,3.73
826,Ashley Monroe,20,Business Administration,3.23
827,Carolyn Wilson,21,Software Engineering,2.15
828,William Parker,20,Software Engineering,2.47
829,Emily Robertson,20,Artificial Intelligence,3.7
830,Jessica Green,22,Business Administration,3.9
831,Brittany Robinson,23,Cyber Security,2.14
832,Courtney Reese,24,Information Technology,3.45
833,Kevin Potter,24,Computer Science,2.09
834,Lisa Hill,24,Electrical Engineering,3.94
835,Christina Gonzalez,21,Business Administration,2.48
836,Laura Randall,23,Data Science,3.09
837,Molly Phillips,20,Business Administration,3.98
838,Angela Garcia,22,Information Technology,3.04
839,Lisa Brown PhD,25,Computer Science,3.11
840,Paul Gonzalez,25,Business Administration,3.18
841,Richard Jones,23,Information Technology,2.25
842,James Murphy,20,Software Engineering,2.74
843,Scott Martin,25,Cyber Security,2.96
844,Daniel Maxwell,20,Business Administration,2.46
845,Jeffrey Brown,25,Information Technology,2.61
846,Charles Cook,18,Electrical Engineering,3.59
847,John Cummings,23,Software Engineering,2.09
848,Karen Rodriguez,21,Electrical Engineering,3.94
849,Jacob Johnson,25,Information Technology,3.1
850,Francisco Johnson,21,Business Administration,3.83
851,Mrs. Jacqueline Ferguson,20,Information Technology,2.6
852,Allison Johnston,25,Data Science,3.18
853,Rhonda Lane,24,Computer Science,2.05
854,Mandy Jones,24,Software Engineering,3.93
855,Sonia Avila,24,Data Science,3.44
856,Mrs. Mary Brown,19,Computer Science,2.28
857,James Sanchez,21,Electrical Engineering,3.89
858,Carrie Mercer,21,Data Science,3.45
859,Amy Webb,20,Computer Science,2.87
860,Tyler Murray,24,Data Science,3.13
861,Alan Wheeler,18,Data Science,3.12
862,Patricia Carpenter,23,Information Technology,3.76
863,James Jones,20,Computer Science,3.2
864,Stacey Reid,22,Cyber Security,3.47
865,Benjamin Hall,21,Artificial Intelligence,3.31
866,Jennifer Mckinney,18,Artificial Intelligence,2.63
867,Sarah Fox,20,Business Administration,3.17
868,Jonathan Hodges,21,Software Engineering,3.91
869,Eric Cole,25,Computer Science,3.43
870,Nicole Doyle,19,Cyber Security,2.07
871,Matthew Davidson,25,Data Science,2.73
872,Carrie Wright,19,Business Administration,3.97
873,Cameron Lang,25,Information Technology,2.91
874,Ashley Sparks,19,Computer Science,3.12
875,Stephanie Morrison,25,Computer Science,3.27
876,Barbara Mcmahon,18,Computer Science,2.77
877,Nancy Martinez,22,Artificial Intelligence,2.4
878,Jose Howard,18,Electrical Engineering,2.51
879,Teresa Adams,23,Computer Science,3.91
880,Scott Herrera,18,Software Engineering,2.21
881,Linda Johnson,21,Information Technology,2.89
882,Sean Rodriguez,20,Artificial Intelligence,3.02
883,John Perez,23,Information Technology,3.19
884,Richard Rodriguez,23,Artificial Intelligence,3.55
885,Heather Mccormick,20,Data Science,2.86
886,Lisa Richard,22,Artificial Intelligence,3.67
887,Pamela Saunders,19,Business Administration,2.63
888,Mark Kelley,20,Computer Science,2.19
889,Charles White,22,Computer Science,2.93
890,James Clark,21,Software Engineering,3.81
891,Mary Stewart,19,Business Administration,3.28
892,David Cooper,24,Electrical Engineering,2.63
893,Angela Johnson,22,Electrical Engineering,3.99
894,Jeremy Ford,21,Information Technology,3.78
895,Lori Alexander,25,Cyber Security,3.56
896,Joseph Gallegos,22,Electrical Engineering,2.38
897,Jason Short,25,Data Science,2.23
898,Shirley Bradley,19,Software Engineering,3.59
899,Joshua Booth,22,Artificial Intelligence,2.82
900,Salman,25,iict,3.5
901,Ashley Jackson,18,Business Administration,3.79
902,Jamie Smith,22,Business Administration,3.52
903,Douglas Massey,18,Computer Science,3.11
904,Amanda Obrien,19,Computer Science,2.2
905,Robert Bates,18,Business Administration,2.01
906,Thomas Allen,22,Computer Science,3.51
907,Karla Scott,24,Information Technology,2.19
908,Spencer Velez,25,Business Administration,3.48
909,William Tucker,20,Data Science,2.28
910,Sharon Singleton,19,Data Science,3.73
911,Stephanie Coleman,24,Electrical Engineering,2.48
912,Vickie Gonzalez,23,Electrical Engineering,2.09
913,Richard Mendez,20,Electrical Engineering,3.26
914,Kaitlin Wright,23,Data Science,3.85
915,Michael Perry,22,Business Administration,3.33
916,April Rodriguez,20,Electrical Engineering,3.81
917,Nicole Mora,18,Data Science,3.46
918,Amanda Fuentes,20,Electrical Engineering,2.47
919,Margaret Howard,18,Business Administration,2.08
920,Lindsey Sullivan,23,Cyber Security,2.03
921,Joshua Mann,22,Business Administration,3.75
922,Melissa Johnson,23,Electrical Engineering,3.5
923,Rachel Edwards,18,Artificial Intelligence,3.07
924,Patrick Weaver,21,Computer Science,2.15
925,Samantha Thomas,23,Software Engineering,3.73
926,Jeanette Griffith,21,Electrical Engineering,2.37
927,Michael Martinez,19,Computer Science,2.47
928,Daniel Meadows,20,Business Administration,2.59
929,Louis Foley,19,Data Science,3.57
930,Brooke Shaw,24,Software Engineering,3.12
931,Dawn Nicholson,23,Cyber Security,2.16
932,Marie Jensen,24,Cyber Security,2.89
933,Anthony Ellis,20,Electrical Engineering,4.0
934,Mark Neal Jr.,25,Data Science,2.09
935,Joshua Espinoza,19,Information Technology,2.28
936,Cory Wright,23,Computer Science,3.4
937,Richard Wallace,21,Business Administration,2.38
938,Tammy Smith,21,Software Engineering,2.18
939,Olivia Johnson,21,Data Science,3.03
940,Steven Gallegos,19,Information Technology,3.4
941,Michael Lopez,18,Artificial Intelligence,3.26
942,Rebecca Pitts,21,Electrical Engineering,3.3
943,Martha Mason,18,Data Science,3.75
944,Frank West,24,Information Technology,3.05
945,Dawn Burke,18,Business Administration,3.34
946,Jennifer Perez,25,Computer Science,2.89
947,Lauren Davis,19,Data Science,2.71
948,Amy Ellis,20,Cyber Security,2.53
949,Chelsea Obrien,21,Electrical Engineering,3.91
950,Kelsey Harmon,22,Cyber Security,3.66
951,Amanda Fox,21,Business Administration,3.52
952,Richard Dalton,18,Information Technology,3.78
953,Timothy Sosa,23,Cyber Security,2.57
954,Linda Mullins,22,Data Science,2.68
955,Michael Davis,22,Data Science,2.77
956,Jason Huffman,23,Business Administration,2.32
957,Willie Johnson,20,Business Administration,2.53
958,Kimberly Winters,24,Software Engineering,3.69
959,Diane Aguilar,24,Software Engineering,2.63
960,Kimberly Hawkins,24,Cyber Security,2.68
961,Elizabeth Short,18,Data Science,2.64
962,Christopher Burnett,18,Cyber Security,3.59
963,Diane Watson,21,Artificial Intelligence,2.91
964,James Jenkins,20,Information Technology,2.41
965,Kayla Russell,22,Cyber Security,3.18
966,James Guerra,23,Software Engineering,3.34
967,Javier Ramos,21,Data Science,2.73
968,Amber Ramirez,25,Information Technology,2.13
969,Carlos Williams,22,Cyber Security,2.54
970,Lisa Lopez,22,Information Technology,2.52
971,Raymond Hughes,20,Business Administration,2.11
972,Debra Walker,19,Cyber Security,3.28
973,Tina Price,22,Cyber Security,3.56
974,Jacqueline Ryan,24,Data Science,3.53
975,Jason Dunn,24,Software Engineering,2.59
976,Julie Hess,21,Cyber Security,2.94
977,Dawn Savage,18,Artificial Intelligence,3.12
978,Suzanne Carroll,24,Computer Science,2.46
979,John Martin,20,Cyber Security,3.77
980,Deborah Myers,23,Software Engineering,2.83
981,Monica Baker,20,Electrical Engineering,3.69
982,Christine Moore,19,Electrical Engineering,3.44
983,Alicia Miller,22,Electrical Engineering,2.56
984,Daniel Robertson,22,Computer Science,3.13
985,Lindsey Olsen,24,Software Engineering,2.44
986,Ana Deleon,21,Business Administration,3.52
987,Paula Peterson,19,Information Technology,2.19
988,Lee Waller,20,Information Technology,3.74
989,Antonio Robinson,24,Software Engineering,3.06
990,Michele Carey,21,Cyber Security,2.35
991,Michelle Richmond,25,Data Science,3.26
992,Tricia Clark,23,Information Technology,2.8
993,Penny Wilson,22,Information Technology,3.01
994,Christopher Valenzuela,22,Information Technology,2.99
995,Jessica Good,20,Data Science,2.91
996,Shawn Dixon,20,Artificial Intelligence,2.45
997,Steven Casey,20,Data Science,3.97
998,Margaret Schneider,19,Electrical Engineering,2.7
999,Elaine Ochoa,24,Computer Science,2.19
1000,Ashley Weber,24,Business Administration,3.21
1005,Wali ,24,iict,3.5
